fecha,abrir,max,min,cerrar,cierre_ajustado,volumen,ticker,year,month,day,year_month,retorno_log_diario,media_movil_7d,media_movil_30d,volatilidad_7d,volatilidad_30d
2025-01-17,198.05,198.81,195.31,197.55,196.78,22109100,GOOG,2025,1,17,,0.0,198.50428571428571,189.99966666666666,0.0,0.0
2025-01-21,200.51,203.84,199.44,199.63,198.86,19005200,GOOG,2025,1,21,,0.010473936327162406,198.50428571428571,189.99966666666666,0.0,0.0
2025-01-22,200.55,202.12,199.2,200.03,199.25,15477400,GOOG,2025,1,22,,0.002001702114599341,198.50428571428571,189.99966666666666,0.0,0.0
2025-01-23,199.98,201.94,196.82,199.58,198.81,15170800,GOOG,2025,1,23,,-0.0022521968429949886,198.50428571428571,189.99966666666666,0.0,0.0
2025-01-24,199.85,202.57,199.78,201.9,201.12,12732400,GOOG,2025,1,24,,0.011557366862625325,198.50428571428571,189.99966666666666,0.0,0.0
2025-01-27,194.19,198.67,192.7,193.77,193.02,24970200,GOOG,2025,1,27,,-0.041100636606300735,198.50428571428571,189.99966666666666,0.0,0.0
2025-01-28,194.65,197.23,192.61,197.07,196.31,15939200,GOOG,2025,1,28,,0.016887106860000216,198.50428571428571,189.99966666666666,0.01926112896030153,0.0
2025-01-29,197.37,198.46,195.19,197.18,196.42,12287800,GOOG,2025,1,29,,0.0005580215744040349,198.45142857142858,189.99966666666666,0.019263961591935247,0.0
2025-01-30,199.76,203.24,199.47,202.63,201.84,14571500,GOOG,2025,1,30,,0.02726463873034249,198.87999999999997,189.99966666666666,0.02171396123416174,0.0
2025-01-31,203.71,207.08,203.58,205.6,204.8,17060300,GOOG,2025,1,31,,0.014550877703772183,199.6757142857143,189.99966666666666,0.022213807619704682,0.0
2025-02-03,202.21,205.22,201.66,202.64,201.85,16719500,GOOG,2025,2,3,,-0.014501527887590323,200.11285714285714,189.99966666666666,0.023240156088439608,0.0
2025-02-04,204.5,208.7,204.26,207.71,206.9,28285400,GOOG,2025,2,4,,0.02471187039459739,200.94285714285712,189.99966666666666,0.02461647521392386,0.0
2025-02-05,193.1,194.55,189.91,193.3,192.55,43666400,GOOG,2025,2,5,,-0.0718994898737318,200.8757142857143,189.99966666666666,0.03471368440311035,0.0
2025-02-06,190.99,193.83,190.49,193.31,192.56,20816600,GOOG,2025,2,6,,5.17317193152094e-05,200.33857142857144,189.99966666666666,0.03389418895706834,0.0
2025-02-07,192.74,193.01,185.1,187.14,186.41,29565700,GOOG,2025,2,7,,-0.03243811808583359,198.9042857142857,189.99966666666666,0.035608219451113914,0.0
2025-02-10,189.06,189.99,187.61,188.2,187.47,16606000,GOOG,2025,2,10,,0.005648227303512467,196.84285714285713,189.99966666666666,0.03293098070819259,0.0
2025-02-11,186.84,188.8,186.08,187.07,186.34,13028100,GOOG,2025,2,11,,-0.006022348790466012,194.19571428571427,189.99966666666666,0.03118899853659317,0.0
2025-02-12,185.23,186.83,183.63,185.43,184.71,17632300,GOOG,2025,2,12,,-0.008805426021521522,191.73714285714286,189.99966666666666,0.031232570415813395,0.0
2025-02-13,185.93,187.99,184.88,187.88,187.15,12729300,GOOG,2025,2,13,,0.013126008819502539,188.9042857142857,189.99966666666666,0.02915900135842415,0.0
2025-02-14,186.83,188.15,186.11,186.87,186.15,12714200,GOOG,2025,2,14,,-0.00539027322463044,187.98571428571427,189.99966666666666,0.014351483921336495,0.0
2025-02-18,187.44,187.78,183.58,185.8,185.08,19796000,GOOG,2025,2,18,,-0.005742361554425701,186.91285714285712,189.99966666666666,0.014188976209038332,0.0
2025-02-19,186.18,187.36,185.5,187.13,186.4,13120500,GOOG,2025,2,19,,0.007132736109958868,186.9114285714286,189.99966666666666,0.008474511487520028,0.0
2025-02-20,186.5,187.12,184.6,186.64,185.92,12063800,GOOG,2025,2,20,,-0.002621934776522706,186.6885714285714,189.99966666666666,0.0081238237654608,0.0
2025-02-21,187.29,187.47,181.13,181.58,180.88,19520800,GOOG,2025,2,21,,-0.027485299769563248,185.90428571428575,189.99966666666666,0.012898974100186393,0.0
2025-02-24,183.8,185.09,180.88,181.19,180.49,18734000,GOOG,2025,2,24,,-0.002150123495595038,185.29857142857142,189.99966666666666,0.012752128544356601,0.0
2025-02-25,180.15,180.76,176.77,177.37,176.68,20832500,GOOG,2025,2,25,,-0.021308258230521016,183.7971428571429,189.99966666666666,0.011975589565831323,0.0
2025-02-26,176.95,178.08,173.59,174.7,174.02,23637200,GOOG,2025,2,26,,-0.015167729077484196,182.05857142857144,189.99966666666666,0.012158836511797229,0.0
2025-02-27,175.94,176.59,169.75,170.21,169.55,25930500,GOOG,2025,2,27,,-0.02603724832012911,179.8314285714286,189.99966666666666,0.013432896319432754,0.0
2025-02-28,170.3,172.5,168.39,172.22,171.55,30049800,GOOG,2025,2,28,,0.011739760448137416,177.70142857142855,189.99966666666666,0.01461692651978019,0.0
2025-03-03,173.73,175.0,167.64,168.66,168.01,24122000,GOOG,2025,3,3,,-0.020887875121523593,175.13285714285715,189.99966666666666,0.014319962043929742,0.02078268800992102
2025-03-04,167.94,175.16,167.54,172.61,171.94,30711400,GOOG,2025,3,4,,0.023149860252102458,173.85142857142858,189.16833333333335,0.0187529887620368,0.02140556307573831
2025-03-05,172.32,175.75,170.93,174.99,174.31,18848000,GOOG,2025,3,5,,0.013694115035057953,172.9657142857143,188.347,0.020356947128393407,0.021491135267524317
2025-03-06,172.55,176.73,172.51,174.21,173.53,19082400,GOOG,2025,3,6,,-0.004467361381587739,172.5142857142857,187.48633333333333,0.01905851042637174,0.021457206205291776
2025-03-07,173.24,176.9,172.25,175.75,175.07,16395300,GOOG,2025,3,7,,0.008801062638705991,172.66428571428568,186.692,0.018564279101330298,0.021593497405876693
2025-03-10,170.16,170.45,165.57,167.81,167.35,28990700,GOOG,2025,3,10,,-0.046230143677703894,172.3214285714286,185.55566666666667,0.024164037499609287,0.02268569306981509
2025-03-11,166.68,168.65,163.24,165.98,165.52,23705900,GOOG,2025,3,11,,-0.010965087842768548,171.43000000000004,184.62933333333334,0.023523217372346705,0.021732567367740555
2025-03-12,168.47,169.53,165.48,169.0,168.54,19880100,GOOG,2025,3,12,,0.01803141575277166,171.47857142857143,183.69366666666667,0.02381481594518567,0.02177356321175986
2025-03-13,167.98,168.12,164.07,164.73,164.28,15206200,GOOG,2025,3,13,,-0.0255909449641826,170.35285714285712,182.612,0.023131930414246375,0.022059852662364956
2025-03-14,165.32,168.25,164.51,167.62,167.16,18611100,GOOG,2025,3,14,,0.01739174271186924,169.29999999999998,181.445,0.023709608926243776,0.021615758729916723
2025-03-17,167.32,168.46,165.81,166.57,166.11,17839100,GOOG,2025,3,17,,-0.0062838711817438395,168.20857142857145,180.14400000000003,0.023698098830944633,0.021253651900038365
2025-03-18,165.96,166.44,158.8,162.67,162.22,24616800,GOOG,2025,3,18,,-0.02369203271065441,166.33999999999997,178.81166666666667,0.023403301860424563,0.021430748676590464
2025-03-19,163.91,168.13,163.05,166.28,165.82,24955700,GOOG,2025,3,19,,0.02194950560607477,166.12142857142857,177.43066666666667,0.020303242437193256,0.021293856796246725
2025-03-20,163.82,167.03,163.14,165.05,164.6,19981500,GOOG,2025,3,20,,-0.0074246560852346205,165.98857142857145,176.489,0.020065296334661198,0.017471839978944862
2025-03-21,163.38,166.47,163.03,166.25,165.79,29882100,GOOG,2025,3,21,,0.007244221236761537,165.5957142857143,175.58700000000002,0.01874878904055432,0.017596238529354408
2025-03-24,169.26,170.5,167.44,169.93,169.46,18742800,GOOG,2025,3,24,,0.021893908010050617,166.3385714285714,175.01333333333332,0.017483400359525645,0.017473270460161873
2025-03-25,171.18,172.91,170.55,172.79,172.32,13841600,GOOG,2025,3,25,,0.016690396779016122,167.07714285714286,174.49966666666666,0.01739861011869915,0.017780034297372797
2025-03-26,171.3,171.94,166.86,167.14,166.68,22498000,GOOG,2025,3,26,,-0.033245199751740305,167.15857142857143,173.83533333333332,0.022406048964131963,0.01862237325313917
2025-03-27,166.71,167.44,163.85,164.08,163.63,21571200,GOOG,2025,3,27,,-0.01847767080916472,167.35999999999999,173.12366666666668,0.02153804552797557,0.01879574594076232
2025-03-28,162.36,163.81,155.34,156.06,155.63,34866500,GOOG,2025,3,28,,-0.050113565075510104,165.9,172.06300000000002,0.026610589773566055,0.020286890069040928
2025-03-31,154.81,157.13,152.21,156.23,155.8,33591600,GOOG,2025,3,31,,0.001088731735196434,164.64000000000001,171.04166666666666,0.0268909524189701,0.02033008748848164
2025-04-01,155.3,160.08,155.26,158.88,158.44,20111400,GOOG,2025,4,1,,0.0168199198730507,163.58714285714288,170.14433333333332,0.02800692144700852,0.020751732069758236
2025-04-02,156.96,160.27,156.53,158.86,158.42,17113300,GOOG,2025,4,2,,-0.00012588909187635403,162.00571428571428,169.20199999999997,0.02540491602516528,0.020644811221383168
2025-04-03,152.84,154.69,152.18,152.63,152.21,28416100,GOOG,2025,4,3,,-0.04000661927795547,159.1257142857143,168.0683333333333,0.024644030662187854,0.021574981548248124
2025-04-04,149.9,153.09,147.54,147.74,147.33,39832200,GOOG,2025,4,4,,-0.03256271982643884,156.3542857142857,166.94033333333334,0.02457363561913995,0.02176271048029205
2025-04-07,143.39,154.93,142.66,149.24,148.83,47823000,GOOG,2025,4,7,,0.010101776252365477,154.2342857142857,165.87533333333334,0.02669134660786999,0.021968416240493352
2025-04-08,153.57,154.44,145.21,146.58,146.18,35304400,GOOG,2025,4,8,,-0.017984393855252943,152.88000000000002,164.84900000000002,0.021638678237061098,0.021899254330562223
2025-04-09,146.33,161.87,145.81,161.06,160.62,46479500,GOOG,2025,4,9,,0.0942056118696947,153.57,164.39433333333335,0.04492870297521178,0.02849312402741572
2025-04-10,158.76,160.03,152.2,155.37,154.94,35270500,GOOG,2025,4,10,,-0.035967597263488985,153.06857142857143,163.8996666666667,0.04687470957463308,0.028829169888357507
2025-04-11,155.59,159.86,155.59,159.4,158.96,22582000,GOOG,2025,4,11,,0.02560739725220494,153.1457142857143,163.47233333333332,0.04814700352771526,0.029183340516480416
2025-04-14,162.31,164.03,159.92,161.47,161.03,18255900,GOOG,2025,4,14,,0.012902600537414963,154.40857142857143,163.2326666666667,0.0447652029979563,0.029104287572595422
2025-04-15,161.57,162.05,157.65,158.68,158.24,15690800,GOOG,2025,4,15,,-0.017429771247400278,155.97142857142856,162.76833333333332,0.04279964093545428,0.0288634476416926
2025-04-16,155.47,158.18,153.91,155.5,155.07,16921500,GOOG,2025,4,16,,-0.020243864026840593,156.8657142857143,162.11866666666666,0.04432161348330412,0.028859571428462877
2025-04-17,156.61,157.07,150.9,153.36,152.94,19513400,GOOG,2025,4,17,,-0.013857632881899635,157.8342857142857,161.42366666666666,0.04397754552758495,0.028916399298237267
2025-04-21,150.96,151.06,148.4,149.86,149.45,16147800,GOOG,2025,4,21,,-0.023086573801224367,156.23428571428573,160.56066666666666,0.021650229418983764,0.029006084466842604
2025-04-22,151.07,154.61,150.87,153.9,153.48,15910300,GOOG,2025,4,22,,0.026601515908668837,156.02428571428572,160.09700000000004,0.022194523871048494,0.028506867306069182
2025-04-23,157.91,160.02,156.35,157.72,157.29,18575700,GOOG,2025,4,23,,0.02451826816459281,155.78428571428572,159.82166666666666,0.021976731576569757,0.02889352421273216
2025-04-24,158.52,161.71,158.09,161.47,161.03,30787500,GOOG,2025,4,24,,0.023498057884103155,155.78428571428572,159.57066666666665,0.023450585217280138,0.02903913558881349
2025-04-25,167.1,168.24,163.0,163.85,163.4,35148100,GOOG,2025,4,25,,0.014632008251293847,156.52285714285716,159.54133333333337,0.02259434782294872,0.028817118083575077
2025-04-28,164.26,164.95,160.38,162.42,161.97,20871200,GOOG,2025,4,28,,-0.008765802290558884,157.51142857142855,159.36800000000002,0.02084101267541157,0.02866247168234849
2025-04-29,162.04,162.68,159.39,162.06,161.62,15955200,GOOG,2025,4,29,,-0.002218935821685526,158.75428571428571,159.21766666666664,0.019385735113953723,0.02864648211919599
2025-04-30,159.86,161.37,157.15,160.89,160.45,20639500,GOOG,2025,4,30,,-0.0072457353696357705,160.32999999999998,159.15833333333333,0.015752080168041773,0.028351412464256674
2025-05-01,162.52,163.94,160.93,162.79,162.34,21904300,GOOG,2025,5,1,,0.011740124957474939,161.6,159.042,0.014076947506297649,0.02813475069722302
2025-05-02,164.96,166.7,163.66,165.81,165.36,16844900,GOOG,2025,5,2,,0.018381527892862737,162.75571428571428,159.06733333333332,0.013030622328999463,0.02831620204843542
2025-05-05,164.51,167.1,164.47,166.05,165.59,15309300,GOOG,2025,5,5,,0.001446393309474455,163.41,159.06066666666666,0.01091181078898151,0.028285904977973137
2025-05-06,163.96,166.74,163.13,165.2,164.75,10691900,GOOG,2025,5,6,,-0.00513208673587805,163.60285714285715,158.903,0.010237077587741174,0.02799209228383759
2025-05-07,166.07,166.99,149.49,152.8,152.38,78729800,GOOG,2025,5,7,,-0.07802698435445746,162.22857142857143,158.23666666666665,0.03193021959075067,0.031103552388796085
2025-05-08,155.92,157.41,154.1,155.75,155.32,38387500,GOOG,2025,5,8,,0.019122280935142323,161.32714285714286,157.857,0.033628346387679704,0.030880042324102335
2025-05-09,155.55,156.43,153.83,154.38,153.96,22871000,GOOG,2025,5,9,,-0.008835062145854769,160.39714285714285,157.53366666666668,0.03364609138706838,0.03075635035457295
2025-05-12,159.1,160.44,157.89,159.58,159.14,31884900,GOOG,2025,5,12,,0.03312826835842723,159.93857142857146,157.65099999999998,0.03637549860518236,0.030014907867054977
2025-05-13,159.92,162.06,157.58,160.89,160.45,24944300,GOOG,2025,5,13,,0.008175537782808523,159.2357142857143,157.80633333333336,0.03557870596199326,0.030045590718873222
2025-05-14,161.31,168.34,160.93,166.81,166.35,31769200,GOOG,2025,5,14,,0.036134538503020744,159.34428571428572,158.07066666666665,0.03878426663263596,0.030598570105530132
2025-05-15,167.14,167.51,163.84,165.4,164.95,22717600,GOOG,2025,5,15,,-0.00848865757637307,159.37285714285713,158.2886666666667,0.03888831202188642,0.03065310196708711
2025-05-16,168.93,170.65,166.95,167.43,166.97,36271400,GOOG,2025,5,16,,0.012198570878860948,161.46285714285713,158.782,0.01798267387861573,0.029691393963307076
2025-05-19,165.71,167.95,165.41,167.87,167.41,21374700,GOOG,2025,5,19,,0.0026245168658707045,163.19428571428574,159.453,0.01813651037677726,0.028919609894576447
2025-05-20,167.76,169.68,164.26,165.32,164.87,33563300,GOOG,2025,5,20,,-0.015306880690791107,164.75714285714284,159.989,0.01941830530497544,0.029113972916080963
2025-05-21,164.95,174.53,164.89,170.06,169.59,45567600,GOOG,2025,5,21,,0.02826832631411481,166.25428571428571,160.77166666666665,0.018510060761104778,0.029166526029826417
2025-05-22,173.35,178.13,171.88,171.98,171.51,45024100,GOOG,2025,5,22,,0.0112268750251039,167.8385714285714,161.13566666666665,0.01852095642374545,0.023862871562064677
2025-05-23,170.28,171.21,169.26,169.59,169.12,24963600,GOOG,2025,5,23,,-0.013994431627441212,168.2357142857143,161.60966666666667,0.01604166325406997,0.022971982056267767
2025-05-27,171.3,174.29,171.21,173.98,173.5,24341300,GOOG,2025,5,27,,0.025556590724085393,169.46142857142857,162.09566666666666,0.017314418763327698,0.022970253553428677
2025-05-28,173.98,176.48,173.01,173.38,172.9,25999200,GOOG,2025,5,28,,-0.003454632638900313,170.3114285714286,162.49266666666665,0.017573858747533325,0.022919142400043002
2025-05-29,175.0,175.4,171.78,172.96,172.49,21174700,GOOG,2025,5,29,,-0.0024253635495960868,171.03857142857143,162.96866666666668,0.01778940803285978,0.022634059896067375
2025-05-30,172.41,173.44,168.52,172.85,172.38,36258300,GOOG,2025,5,30,,-0.0006361875232646556,172.1142857142857,163.54700000000003,0.015858380639433487,0.0222228944816242
2025-06-02,169.01,171.06,168.65,170.37,169.9,24742900,GOOG,2025,6,2,,-0.014451623810182588,172.15857142857143,164.114,0.014151698196855276,0.02223917526531821
2025-06-03,168.87,169.8,166.68,167.71,167.25,25386700,GOOG,2025,6,3,,-0.015736245213914445,171.54857142857142,164.709,0.014337490385008709,0.021975019131358027
2025-06-04,168.28,169.58,167.79,169.39,168.93,18508700,GOOG,2025,6,4,,0.009967451254753857,171.52,165.2253333333333,0.014300296907218527,0.021584974754855893
2025-06-05,171.62,172.36,169.35,169.81,169.34,25375400,GOOG,2025,6,5,,0.0024764163599193673,170.92428571428573,165.62833333333336,0.00909307121327992,0.0212059988711558
2025-06-06,172.3,175.83,172.3,174.92,174.44,22258100,GOOG,2025,6,6,,0.02964856158651002,171.1442857142857,166.07666666666668,0.01547101933279705,0.021444772828044877
2025-06-09,175.87,177.91,175.66,177.63,177.36,18817600,GOOG,2025,6,9,,0.015374008667074664,171.81142857142854,166.536,0.016208851970763487,0.021459471419142423
2025-06-10,177.76,182.45,176.48,180.01,179.73,32908000,GOOG,2025,6,10,,0.013309669690818676,172.8342857142857,167.1223333333333,0.01642742946945052,0.021431511339330578
2025-06-11,181.23,181.75,178.0,178.79,178.51,18994400,GOOG,2025,6,11,,-0.006800472138884435,174.0371428571428,167.67999999999998,0.015052514194931838,0.021489380475983137
2025-06-12,177.48,178.13,176.11,176.97,176.7,17345900,GOOG,2025,6,12,,-0.01023170608063506,175.35999999999999,168.21599999999998,0.013761853166804502,0.02154662772500552
2025-06-13,173.58,178.34,173.57,175.88,175.61,20873200,GOOG,2025,6,13,,-0.006178282370484291,176.28714285714287,168.65233333333333,0.01463919603908722,0.021549373282701532
2025-06-16,175.9,178.24,175.82,177.94,177.67,18132500,GOOG,2025,6,16,,0.011644470504011895,177.4485714285714,169.0566666666667,0.014746770534793195,0.02141368081208971
2025-06-17,177.0,178.71,175.94,177.23,176.96,17656100,GOOG,2025,6,17,,-0.003998090749572988,177.7785714285714,169.42933333333335,0.011027255298713455,0.021444682180091417
2025-06-18,177.28,177.82,172.84,173.98,173.71,32531800,GOOG,2025,6,18,,-0.01850797398765356,177.25714285714284,169.722,0.011538297523335654,0.02173881376488171
2025-06-20,174.87,175.37,166.27,167.73,167.47,55402600,GOOG,2025,6,20,,-0.03658480637273103,175.50285714285715,170.21966666666668,0.014767521362159903,0.017374799383361547
2025-06-23,167.32,168.48,163.33,166.01,165.75,36975600,GOOG,2025,6,23,,-0.010307516200678992,173.67714285714285,170.56166666666667,0.014696487541999629,0.017269912327938952
2025-06-24,167.68,169.25,166.91,167.74,167.48,27310300,GOOG,2025,6,24,,0.01036713405028097,172.35857142857142,171.007,0.016706171934590775,0.01720535859058419
2025-06-25,168.65,173.36,168.56,171.49,171.23,23627400,GOOG,2025,6,25,,0.0221097943117902,171.73142857142855,171.404,0.020181929958196707,0.016643304524670312
2025-06-26,173.38,174.65,170.86,174.43,174.16,25909100,GOOG,2025,6,26,,0.01699855916198783,171.23,171.85533333333333,0.02094353970056904,0.016825848566599876
2025-06-27,174.63,178.84,172.71,178.27,177.99,74053100,GOOG,2025,6,27,,0.02177573993372682,171.37857142857143,172.23733333333334,0.022883042849213366,0.016027046382333196
2025-06-30,180.79,181.58,175.5,177.39,177.12,43964600,GOOG,2025,6,30,,-0.004948556462922069,171.8657142857143,172.637,0.021505086240969622,0.015958407391882975
2025-07-01,176.8,177.22,174.66,176.91,176.64,25778500,GOOG,2025,7,1,,-0.002709569820325649,173.17714285714285,172.953,0.013490164738772771,0.01587248299992093
2025-07-02,176.54,179.93,176.09,179.76,179.48,19325900,GOOG,2025,7,2,,0.015981499196551268,175.14142857142858,173.3493333333333,0.011121334498022615,0.0160813298962202
2025-07-03,179.82,180.77,178.19,180.55,180.27,13287400,GOOG,2025,7,3,,0.004385119846393059,176.97142857142856,173.857,0.011436410465104616,0.015736877718219872
2025-07-07,180.13,180.34,176.64,177.56,177.29,20991400,GOOG,2025,7,7,,-0.016699167757632256,177.8385714285714,174.107,0.013997742139464411,0.01537841636327308
2025-07-08,178.78,178.79,173.92,175.16,174.89,24108600,GOOG,2025,7,8,,-0.013608738032636895,177.94285714285715,174.213,0.014388761263981862,0.015501307603211861
2025-07-09,176.11,180.28,173.88,177.66,177.39,31288000,GOOG,2025,7,9,,0.014171769408357293,177.85571428571424,174.482,0.012712776929620142,0.01543905995906603
2025-07-10,176.67,179.59,175.74,178.7,178.42,24693700,GOOG,2025,7,10,,0.0058368108238273314,178.04285714285714,174.63933333333335,0.012735861418487017,0.014787756649042048
2025-07-11,177.91,182.61,177.54,181.31,181.03,23975700,GOOG,2025,7,11,,0.014499851272335204,178.67142857142855,174.90366666666665,0.013525469712062884,0.014967988766628908
2025-07-14,182.07,184.73,180.71,182.81,182.53,20990400,GOOG,2025,7,14,,0.008239088681276518,179.10714285714286,175.232,0.012621978826116124,0.014998382689345491
2025-07-15,183.94,185.41,182.39,183.1,182.82,23911600,GOOG,2025,7,15,,0.0015850895614712627,179.47142857142856,175.57366666666664,0.012593048601770417,0.014991186293452152
2025-07-16,184.32,185.34,183.08,183.77,183.49,21152600,GOOG,2025,7,16,,0.0036525240268679756,180.35857142857142,176.02033333333333,0.009532989715326182,0.014670367226817515
2025-07-17,183.12,185.19,181.5,184.7,184.41,21654400,GOOG,2025,7,17,,0.005047911497861095,181.72142857142856,176.58666666666664,0.005042887053930052,0.014263427127064656
2025-07-18,186.62,187.36,184.73,185.94,185.65,21033400,GOOG,2025,7,18,,0.006691153822517646,182.90428571428575,177.13833333333335,0.004120498389079715,0.01422243937113276
2025-07-21,187.1,191.26,187.05,191.15,190.85,24665000,GOOG,2025,7,21,,0.027634419114709867,184.68285714285713,177.84966666666665,0.008943264081643776,0.01490907795099616
2025-07-22,192.42,193.36,188.49,192.11,191.81,26212900,GOOG,2025,7,22,,0.005009664497929646,186.2257142857143,178.42266666666666,0.008798627377771276,0.014101123241144669
2025-07-23,192.36,193.36,190.18,191.51,191.21,34068100,GOOG,2025,7,23,,-0.003128098061883236,187.46857142857144,178.8853333333333,0.009796715771038734,0.01395071081650979
2025-07-24,198.11,198.97,191.95,193.2,192.9,45252100,GOOG,2025,7,24,,0.008785895199949463,188.9114285714286,179.325,0.009552252429395678,0.013854042816214187
2025-07-25,192.93,195.27,192.13,194.08,193.78,31101800,GOOG,2025,7,25,,0.004544523417322468,190.3842857142857,179.83466666666666,0.009495499802665591,0.013749901032341723
2025-07-28,194.41,194.82,191.85,193.42,193.12,25553500,GOOG,2025,7,28,,-0.0034064549069229557,191.62999999999997,180.38299999999998,0.010398331107463176,0.013583406332580318
2025-07-29,193.3,196.66,192.99,196.43,196.13,31891600,GOOG,2025,7,29,,0.015442143457367876,193.1285714285714,181.068,0.010925194265005355,0.013655051408553448
2025-07-30,196.3,198.48,195.56,197.44,197.14,21150500,GOOG,2025,7,30,,0.00512860697083809,194.02714285714288,181.71800000000002,0.006574527890838622,0.013575647764955621
2025-07-31,196.6,196.83,192.08,192.86,192.56,27852000,GOOG,2025,7,31,,-0.023470203634784578,194.1342857142857,182.239,0.012467809092041135,0.01438613629321359
2025-08-01,189.78,191.62,188.7,189.95,189.66,21236700,GOOG,2025,8,1,,-0.015203657448603948,193.91142857142856,182.77133333333333,0.013824228275037678,0.014229026751261675
2025-08-04,191.18,196.08,190.92,195.75,195.45,23386000,GOOG,2025,8,4,,0.030077455237277954,194.27571428571426,183.70533333333333,0.018069826633720122,0.012997718470109755
2025-08-05,195.54,198.7,194.68,195.32,195.02,19010200,GOOG,2025,8,5,,-0.002199095677453016,194.45285714285714,184.6823333333333,0.018083430848847646,0.012747105189409963
2025-08-06,195.25,197.38,194.47,196.92,196.62,15383700,GOOG,2025,8,6,,0.008158315696540372,194.9528571428571,185.655,0.018151523516415594,0.012723901408747131
2025-08-07,197.71,198.37,195.22,197.28,196.98,14660600,GOOG,2025,8,7,,0.0018264845260345028,195.0742857142857,186.51466666666667,0.017248305671590435,0.012335376677207544
2025-08-08,197.98,203.43,197.9,202.09,201.78,24379900,GOOG,2025,8,8,,0.024089103314122944,195.73857142857145,187.43666666666664,0.01942617672535274,0.012643816521248656
2025-08-11,201.55,202.16,199.8,201.63,201.32,16690200,GOOG,2025,8,11,,-0.002278808080172829,196.99142857142854,188.21533333333335,0.015882398934744413,0.012295048338185044
2025-08-12,202.1,205.13,201.4,204.16,203.84,19854000,GOOG,2025,8,12,,0.01246966550644081,199.02142857142857,189.10766666666666,0.012759541333641608,0.01226402521121038
2025-08-13,204.98,205.43,198.64,203.03,202.72,19573000,GOOG,2025,8,13,,-0.005550248782275163,200.0614285714286,189.97833333333335,0.010456446432942659,0.012333855027338062
2025-08-14,202.56,205.42,202.32,203.82,203.51,17777100,GOOG,2025,8,14,,0.003883500026397612,201.2757142857143,190.78033333333332,0.009979346859549848,0.012144900681941522
2025-08-15,204.72,207.33,202.09,204.91,204.59,21111400,GOOG,2025,8,15,,0.005333606948193592,202.41714285714286,191.59233333333333,0.00993858401060115,0.012146668254303501
2025-08-18,205.07,206.14,203.41,204.29,203.97,13000200,GOOG,2025,8,18,,-0.0030303053491790963,203.41857142857143,192.48333333333332,0.01041090164705227,0.01157802016571768
2025-08-19,203.9,204.29,200.93,202.49,202.18,13476600,GOOG,2025,8,19,,-0.008850050388384044,203.47571428571428,193.39433333333332,0.007325381662268466,0.011349234778064174
2025-08-20,201.68,202.17,197.46,200.19,199.88,13971700,GOOG,2025,8,20,,-0.011423587027553143,203.27,194.14533333333333,0.008568278664028534,0.01158265126194534
2025-08-21,200.72,203.36,200.4,200.62,200.31,11768900,GOOG,2025,8,21,,0.00214565587171424,202.7642857142857,194.876,0.006496606359725543,0.011581850039347797
2025-08-22,203.96,209.23,202.13,206.72,206.4,25723700,GOOG,2025,8,22,,0.02995264913889797,203.29142857142855,195.723,0.013644008028037162,0.012387141937090064
2025-08-25,207.0,211.09,205.95,209.16,208.84,22788800,GOOG,2025,8,25,,0.011734288725692803,204.05428571428573,196.60133333333334,0.014085213851159592,0.012441088339924026
2025-08-26,208.37,208.46,206.45,207.95,207.63,23051000,GOOG,2025,8,26,,-0.005801843131009273,204.48857142857142,197.4296666666667,0.014492191762809595,0.012572933113978788
2025-08-27,206.46,209.57,206.39,208.21,207.89,15249000,GOOG,2025,8,27,,0.0012495195781821854,205.04857142857142,198.24433333333334,0.014328849311169359,0.012584468502297379
2025-08-28,207.84,212.9,207.6,212.37,212.04,20915700,GOOG,2025,8,28,,0.019782850687104666,206.46,199.16666666666666,0.01456206763417065,0.012903732769184781
2025-08-29,211.27,215.34,210.97,213.53,213.2,24682200,GOOG,2025,8,29,,0.005447301565614912,208.3657142857143,200.0863333333333,0.012255624595155447,0.012898956288317387
2025-10-01,241.18,247.15,239.2,245.54,245.38,23967700,GOOG,2025,10,1,,0.1396825287328713,214.78285714285715,201.89933333333332,0.050283277079457143,0.027618511107745516
2025-10-02,245.64,247.63,243.1,246.43,246.27,20657500,GOOG,2025,10,2,,0.0036181107420990774,220.4557142857143,203.71,0.05116564542304615,0.02762547659704667
2025-10-03,245.23,247.12,242.47,246.45,246.29,19941400,GOOG,2025,10,3,,8.115565659370962e-05,225.78285714285715,205.5413333333333,0.051857951943761624,0.027585881145039653
2025-10-06,245.78,252.2,245.69,251.51,251.35,18309000,GOOG,2025,10,6,,0.020323617029353983,232.00571428571428,207.485,0.05032023443442227,0.027671635055258145
2025-10-07,248.93,251.55,246.81,247.13,246.97,13811200,GOOG,2025,10,7,,-0.017568236218866096,237.56571428571428,209.25333333333336,0.05239558053461676,0.028080168112172562
2025-10-08,246.2,247.26,245.09,245.46,245.3,14136500,GOOG,2025,10,8,,-0.00678051279251227,242.29285714285714,210.988,0.053737310857415725,0.02813436117102748
2025-10-09,245.06,245.55,239.68,242.21,242.05,19375700,GOOG,2025,10,9,,-0.013328882711127055,246.39000000000001,212.514,0.055076662843429706,0.028359363338088386
2025-10-10,242.16,244.84,236.68,237.49,237.34,22449100,GOOG,2025,10,10,,-0.019679601133148577,245.24,213.849,0.014065151838442553,0.028773974506618134
2025-10-13,241.03,244.99,240.75,244.64,244.48,12465000,GOOG,2025,10,13,,0.029662224855665626,244.9842857142857,215.575,0.019169746855498892,0.028521617523817423
2025-10-14,241.76,248.02,241.18,246.19,246.03,17705400,GOOG,2025,10,14,,0.006315853360452257,244.94714285714286,217.44966666666667,0.019374346970538837,0.02818847315320697
2025-10-15,248.09,252.76,246.79,251.71,251.55,16048100,GOOG,2025,10,15,,0.022174035647964364,244.97571428571428,219.315,0.019709977483390012,0.028017672525090374
2025-10-16,252.46,257.58,250.67,251.88,251.72,18946000,GOOG,2025,10,16,,0.0006751524313730197,245.6542857142857,221.20033333333333,0.01812467496824395,0.02798513998665753
2025-10-17,251.35,254.88,248.59,253.79,253.62,17653800,GOOG,2025,10,17,,0.007554369780270671,246.8442857142857,223.096,0.017676660600010604,0.02798559445519133
2025-10-20,255.23,257.88,254.6,257.02,256.85,13726800,GOOG,2025,10,20,,0.012646749478182586,248.95999999999998,225.08733333333333,0.01587972580019571,0.027966913557287046
2025-10-21,255.25,255.38,244.67,251.34,251.18,27836400,GOOG,2025,10,21,,-0.02234729869199655,250.9385714285714,226.72899999999998,0.016679968777388483,0.02837462395224201
2025-10-22,255.01,257.18,250.45,252.53,252.37,19650200,GOOG,2025,10,22,,0.004723449352031486,252.06571428571428,228.42566666666667,0.013704111360541565,0.02832212069444253
2025-10-23,253.7,255.86,252.77,253.73,253.56,13241300,GOOG,2025,10,23,,0.004740655976695948,253.14285714285714,230.078,0.013682904119821718,0.02831053634149464
2025-10-24,257.3,262.51,256.1,260.51,260.34,18406000,GOOG,2025,10,24,,0.026370538656836792,254.4,231.994,0.01465356863304888,0.028412706782037136
2025-10-27,265.36,270.8,264.94,269.93,269.75,22987700,GOOG,2025,10,27,,0.03552141795306086,256.97857142857146,234.19766666666666,0.018412337057536025,0.02882689343529852
2025-10-28,270.2,271.38,267.17,268.43,268.25,20101200,GOOG,2025,10,28,,-0.005572493801857093,259.07,236.315,0.019334884993729103,0.028947990054000783
2025-10-29,268.61,275.97,268.43,275.17,274.99,26287900,GOOG,2025,10,29,,0.02479891616531543,261.66285714285715,238.67766666666665,0.02033983478114122,0.028995019709200466
2025-10-30,291.72,291.93,280.45,281.9,281.72,48570000,GOOG,2025,10,30,,0.0241633096309844,266.0285714285714,241.3246666666667,0.015005128217967177,0.02888401571469792
2025-10-31,283.2,286.29,277.52,281.82,281.64,29932800,GOOG,2025,10,31,,-0.00028382885310803747,270.21285714285716,244.04566666666668,0.01575474618253671,0.02865612742316998
2025-11-03,282.42,285.94,280.37,284.12,283.93,19691800,GOOG,2025,11,3,,0.008128114862650533,274.55428571428575,246.829,0.01541111833674436,0.028610285238614037
2025-11-04,277.07,281.83,276.86,278.06,277.88,18123700,GOOG,2025,11,4,,-0.021559766388211908,277.06142857142856,249.207,0.020064210139422445,0.02901375956178709
2025-11-05,279.38,286.7,277.88,284.75,284.56,20063200,GOOG,2025,11,5,,0.02377468458589428,279.17857142857144,251.72666666666666,0.017879213924589354,0.029123330512781872
2025-11-06,285.73,288.81,281.62,285.34,285.15,23103800,GOOG,2025,11,6,,0.002069849359376752,281.5942857142857,254.30633333333336,0.017157012792814043,0.02900864297130471
2025-11-07,284.21,284.5,275.74,279.7,279.52,21991100,GOOG,2025,11,7,,-0.01996385147875427,282.24142857142857,256.68933333333337,0.01846087089362184,0.029497499163182027
2025-11-10,285.27,291.46,283.54,290.59,290.4,19508200,GOOG,2025,11,10,,0.038195738773892214,283.48285714285714,259.2966666666667,0.02170359512484105,0.029900348319955767
2025-11-11,288.2,292.34,287.88,291.74,291.55,14156700,GOOG,2025,11,11,,0.003949655676261022,284.9,261.9036666666667,0.021612155280391804,0.029910242218259175
2025-11-12,292.08,292.36,284.38,287.43,287.24,16998800,GOOG,2025,11,12,,-0.014883642327175543,285.37285714285713,263.29999999999995,0.022766094629053178,0.017688756768289734
2025-11-13,282.98,283.51,278.0,279.12,278.94,18060200,GOOG,2025,11,13,,-0.029337555452373,285.52428571428567,264.3896666666667,0.02423061534777586,0.018783106471968045
2025-11-14,271.89,279.15,271.41,276.98,276.8,18330500,GOOG,2025,11,14,,-0.00769649546394701,284.4142857142857,265.4073333333333,0.02202066672764912,0.018894578888309022
2025-11-17,286.4,294.52,284.23,285.6,285.41,34286100,GOOG,2025,11,17,,0.030646929050857665,284.4514285714286,266.5436666666667,0.025669814878115378,0.019293920832262727
2025-11-18,288.48,289.43,279.01,284.96,284.77,29702200,GOOG,2025,11,18,,-0.002243410924077903,285.20285714285717,267.80466666666666,0.024188990263141436,0.018895452508179627
2025-11-19,287.68,304.25,287.67,292.99,292.8,43123600,GOOG,2025,11,19,,0.027789659200451882,285.5457142857143,269.389,0.021847648230007802,0.01921950666305533
2025-11-20,304.74,306.89,289.17,289.98,289.79,34801400,GOOG,2025,11,20,,-0.010326523656755604,285.2942857142857,270.98133333333334,0.02220881839758792,0.019123502804786408
2025-11-21,296.87,303.96,294.36,299.65,299.45,43670600,GOOG,2025,11,21,,0.03280317181914647,287.04,273.05333333333334,0.024397737051982782,0.0190938443735301
2025-11-24,311.01,319.8,309.4,318.47,318.26,55311800,GOOG,2025,11,24,,0.06091315214896087,292.6614285714286,275.51433333333335,0.02640707662835813,0.02107974569325341
2025-11-25,326.8,328.67,317.82,323.64,323.43,50899300,GOOG,2025,11,25,,0.01610350788648377,299.32714285714286,278.09600000000006,0.023826948581870008,0.021115822592398397
2025-11-26,320.78,324.99,317.2,320.28,320.07,29839600,GOOG,2025,11,26,,-0.010436173735205875,304.28142857142853,280.3816666666667,0.026338677327031962,0.021259394187378728
2025-11-28,323.43,326.88,316.94,320.12,319.91,19695800,GOOG,2025,11,28,,-0.0004996877055876007,309.30428571428575,282.65633333333335,0.02614077849667589,0.02127448737978095
2025-12-01,317.48,319.63,313.98,315.12,314.91,28520600,GOOG,2025,12,1,,-0.01574240683619496,312.46571428571434,284.7006666666666,0.028142418054026196,0.02171168732083049
2025-12-02,316.9,318.6,314.22,316.02,315.81,24668200,GOOG,2025,12,2,,0.002851984060702519,316.1857142857143,286.6673333333334,0.026939719305973175,0.021700830542785474
2025-12-03,316.03,322.04,314.28,320.62,320.41,32285100,GOOG,2025,12,3,,0.014451118538174724,319.18142857142857,288.9766666666667,0.025462606429512247,0.02102066922566566
2025-12-04,323.05,323.1,315.59,318.39,318.18,20831600,GOOG,2025,12,4,,-0.0069795748196867105,319.17,291.17199999999997,0.01212424456202789,0.02119366018859766
2025-12-05,320.0,323.83,319.98,322.09,321.88,15719900,GOOG,2025,12,5,,0.011553963154441417,318.9485714285714,293.4506666666667,0.011201722022579255,0.021197083710569005
2025-12-08,321.03,321.23,311.91,314.45,314.45,22006900,GOOG,2025,12,8,,-0.024005928606769842,318.11571428571426,295.2486666666666,0.013995975114400296,0.021677613648304637
2025-12-09,313.1,318.71,312.62,317.75,317.75,14151300,GOOG,2025,12,9,,0.010439829080051139,317.77714285714285,296.8426666666666,0.014857021974870118,0.02098321310495609
2025-12-10,316.62,321.87,315.4,321.0,321.0,22764500,GOOG,2025,12,10,,0.010176213060452457,318.6171428571429,298.59499999999997,0.013779088995174181,0.020895102273532674
2025-12-11,321.1,321.99,309.88,313.7,313.7,25912100,GOOG,2025,12,11,,-0.023004007933383412,318.2857142857143,299.8793333333333,0.016838950515995123,0.02122909063487119
2025-12-12,314.8,316.14,306.96,310.52,310.52,21264800,GOOG,2025,12,12,,-0.01018880365915289,316.84285714285716,300.8333333333333,0.015586708457407856,0.02105025466994454
2025-12-15,312.63,312.7,305.74,309.32,309.32,22028900,GOOG,2025,12,15,,-0.0038719717966448123,315.54714285714283,301.75,0.015550941735843758,0.02108103941375082
2025-12-16,306.0,311.85,303.83,307.73,307.73,21285200,GOOG,2025,12,16,,-0.005153564602856022,313.49571428571426,302.537,0.01394165655492718,0.02111132330118377
2025-12-17,309.01,309.2,297.45,298.06,298.06,29120400,GOOG,2025,12,17,,-0.03192796661733193,311.1542857142857,303.2036666666666,0.01579626625785073,0.021600699414252456
2025-12-18,303.06,305.26,300.63,303.75,303.75,21040500,GOOG,2025,12,18,,0.018910186134111575,309.1542857142857,303.83699999999993,0.017630638250593637,0.021451800150704685
2025-12-19,303.27,308.99,302.34,308.61,308.61,45234400,GOOG,2025,12,19,,0.015873349156290163,307.38428571428574,304.61266666666666,0.018628624866148292,0.02159749257992272
2025-12-22,311.23,311.7,306.59,311.33,311.33,14091400,GOOG,2025,12,22,,0.008775099054252382,307.0457142857143,305.66700000000003,0.017526660027029184,0.021195162114248784
2025-12-23,311.14,316.3,310.75,315.68,315.68,13961400,GOOG,2025,12,23,,0.013875599409004341,307.78285714285715,306.50333333333333,0.017800923909020275,0.020270088445367526
2025-12-24,316.15,316.29,313.32,315.67,315.67,6138200,GOOG,2025,12,24,,-3.1678149998700246e-05,308.69,307.30100000000004,0.01763545791298164,0.020275067131888404
2025-12-26,315.92,316.56,313.72,314.96,314.96,6730900,GOOG,2025,12,26,,-0.00225171748882461,309.72285714285715,308.21866666666665,0.017447617574957625,0.020028524473898718
2025-12-29,312.82,314.97,311.9,314.39,314.39,12317700,GOOG,2025,12,29,,-0.0018113932020477643,312.05571428571426,309.39433333333335,0.008953612077513152,0.019102804373846437
2025-12-30,313.41,317.7,313.25,314.55,314.55,11052500,GOOG,2025,12,30,,0.0005087925826044482,313.59857142857146,310.64666666666665,0.007699870392216491,0.018988457798193314
2025-12-31,313.37,315.39,312.2,313.8,313.8,10821500,GOOG,2025,12,31,,-0.0023872057171064644,314.34000000000003,311.5866666666667,0.00637848593412943,0.018351452266539166
2026-01-02,317.59,322.91,310.65,315.32,315.32,22043700,GOOG,2026,1,2,,0.004832155892775136,314.90999999999997,312.5986666666667,0.005874024921920718,0.018325344108393416
2026-01-05,317.7,319.25,315.25,317.32,317.32,19934000,GOOG,2026,1,5,,0.00632273224209474,315.14428571428573,313.4096666666667,0.0035071588494125154,0.01774917768938528
2026-01-06,317.31,321.56,312.34,314.55,314.55,18989900,GOOG,2026,1,6,,-0.008767682417763486,314.9842857142857,314.22866666666664,0.005044851946353416,0.017712094021279073
2026-01-07,314.57,326.46,314.5,322.43,322.43,24681800,GOOG,2026,1,7,,0.02474301239653677,316.0514285714286,314.988,0.010670528613363076,0.017296138473356638
2026-01-08,329.27,330.54,321.99,326.01,326.01,21789600,GOOG,2026,1,8,,0.011041997330294507,317.7114285714286,315.2393333333333,0.010740280582365256,0.01345202463770424
2026-01-09,327.49,331.48,326.25,329.14,329.14,17917700,GOOG,2026,1,9,,0.009555136424366737,319.79571428571427,315.4226666666666,0.010627520319491485,0.013246360195301447
2026-01-12,326.5,334.44,325.51,332.73,332.73,23893800,GOOG,2026,1,12,,0.010848158117523252,322.5,315.8376666666667,0.009942909496448517,0.013206936988307404
2026-01-13,335.28,341.2,334.35,336.43,336.43,24616700,GOOG,2026,1,13,,0.01105875338593042,325.5157142857143,316.3813333333333,0.009851978501108943,0.013321591836094836
2026-01-14,334.98,337.03,331.14,336.31,336.31,17839300,GOOG,2026,1,14,,-0.00035675001121591434,328.2285714285714,317.0876666666667,0.010486621908044584,0.012918739272477534
2026-01-15,338.05,338.13,331.29,333.16,333.16,16424900,GOOG,2026,1,15,,-0.009410498592334681,330.88714285714286,317.659,0.010662367908847094,0.013089262492256665
2026-01-16,334.93,335.24,328.17,330.34,330.34,21785400,GOOG,2026,1,16,,-0.008500427974195684,332.01714285714286,317.983,0.009400641987394901,0.012992324408107615
,243.06,243.68,239.57,243.55,243.39,22541200,GOOG,,,,,-0.3048001668403924,320.2371428571428,315.48833333333334,0.11636698931971422,0.057351321478340725
,248.27,251.65,243.2,244.36,244.2,23157200,GOOG,,,,,0.003320287529014594,308.1257142857143,312.89733333333334,0.11593271414671732,0.05726954872651483
,247.79,250.12,246.64,247.18,247.02,16594600,GOOG,,,,,0.011474268380023262,295.9042857142857,310.65500000000003,0.11598100840552712,0.05731971114245347
,244.84,247.32,241.65,246.57,246.41,17379800,GOOG,,,,,-0.002470887333071084,283.06714285714287,308.2823333333334,0.11504948862203855,0.05722469542705518
,252.15,252.96,247.22,247.83,247.67,16958500,GOOG,,,,,0.005097098414005337,270.4271428571429,305.84333333333336,0.11541528471632995,0.05717516795682573
,253.65,254.77,251.09,252.34,252.18,17521100,GOOG,,,,,0.018034357257071566,258.88142857142856,303.798,0.11722279718275457,0.05731001004964216
,254.78,256.31,250.81,252.88,252.72,20079000,GOOG,,,,,0.0021376834077670923,247.81571428571428,301.87666666666667,0.11776229641051604,0.05733243616327806
,253.4,256.7,252.07,255.24,255.07,41616800,GOOG,,,,,0.009289211092784007,249.4857142857143,300.07399999999996,0.006793095979664872,0.057406272675869244
,251.86,254.14,250.11,252.33,252.17,21166400,GOOG,,,,,-0.011466524357690546,250.6242857142857,298.2273333333333,0.00969678138173059,0.057413094547040466
,251.46,251.95,246.58,249.85,249.69,20491300,GOOG,,,,,-0.009877016852241655,251.00571428571428,296.62033333333335,0.010493881148774212,0.057218690324081216
,252.33,253.23,249.71,251.42,251.26,24493500,GOOG,,,,,0.006264109696470899,251.6985714285714,294.87600000000003,0.010457447594578036,0.05707615714609306
,245.14,252.75,244.98,251.76,251.6,29935200,GOOG,,,,,0.0013514052694663912,252.26,292.981,0.010415030236646937,0.0569430214783821
,240.8,242.42,238.5,241.38,241.22,14536600,GOOG,,,,,-0.04210379756639954,250.69428571428574,290.64933333333335,0.01756893811720428,0.057220552887592376
,240.14,242.57,236.58,240.78,240.62,21308600,GOOG,,,,,-0.0024888016828715155,248.96571428571428,288.1526666666667,0.01728137442790482,0.05707788548568937
,239.25,242.08,238.11,239.56,239.4,19990100,GOOG,,,,,-0.005079746110618646,246.72571428571428,285.61566666666664,0.01581455102436032,0.05705788621168556
,234.19,240.59,233.38,239.94,239.78,22854800,GOOG,,,,,0.0015849846905203447,244.9557142857143,283.115,0.0162466239280616,0.05707828511746546
,235.79,238.4,233.73,234.16,234.01,23128800,GOOG,,,,,-0.024384249703151645,242.71428571428572,280.44066666666663,0.01752139181766365,0.05712807988058424
,232.66,236.13,232.38,235.17,234.81,26127700,GOOG,,,,,0.004304014485110157,240.39285714285714,277.79466666666667,0.01724533978945957,0.0571559388448292
,230.15,232.77,226.76,232.66,232.3,32196000,GOOG,,,,,-0.010730496480120158,237.66428571428574,275.09000000000003,0.016564152649676717,0.05713945304690812
,226.48,231.8,225.12,231.1,230.74,72250300,GOOG,,,,,-0.006727643108285265,236.19571428571427,272.28266666666667,0.009464291551330176,0.05707511403976881
,208.99,212.37,206.96,211.99,211.66,28900100,GOOG,,,,,-0.08631141353217385,232.08285714285714,268.77166666666665,0.03145058283310252,0.05862626933845232
